upload_filename,original_filename,batch
delvale-001.jpg,07D02378-A267-4D37-9F43-174D86F3D7BE.jpeg,1-6
delvale-002.jpg,0A8B61EE-138A-4964-BCEB-530AAC867B95.jpeg,1-6
delvale-003.jpg,0D6E941A-05D0-4899-AA18-36B2DD43B6CD.jpeg,1-6
delvale-004.jpg,0E96F296-E9D1-46FE-B019-7E7E84C1AFB1.jpeg,1-6
delvale-005.jpg,19A25640-1B35-4E0D-BA84-5AA964AB0B04.jpeg,1-6
delvale-006.jpg,1B07A29B-1E90-47C6-AE1B-D1F1B7F836CA.jpeg,1-6
delvale-007.jpg,203DF297-6A32-4AD3-8C39-988F1FF82081.jpeg,1-6
delvale-008.jpg,2BE8C774-2F81-4885-9C9E-30AF2485071A.jpeg,1-6
delvale-009.jpg,2EC71838-89DA-4A82-BDAF-7090D3637FC3.jpeg,1-6
delvale-010.jpg,309664CB-3924-410D-A91F-538C92FA6B30.jpeg,1-6
delvale-011.jpg,3147A960-6EE7-426D-B045-F670C066DE3E.jpeg,1-6
delvale-012.jpg,3257891A-6714-49F0-819C-3DDB75666C83.jpeg,1-6
delvale-013.jpg,3403D531-42D4-466F-B638-15ED8E52A12B.jpeg,1-6
delvale-014.jpg,34D96D1E-5524-47FB-BDE2-CE014DCAD5A6.jpeg,1-6
delvale-015.jpg,358F5859-4282-4CFE-9006-E143A2BDDFA0.jpeg,1-6
delvale-016.jpg,3F7094E2-34DD-4858-9FD3-B6D384614E9B.jpeg,1-6
delvale-017.jpg,4165411A-6B3F-4F3F-AEBC-F3BD5024CB76.jpeg,1-6
delvale-018.jpg,440E2D95-0880-4070-92EA-919459B7E9B4.jpeg,1-6
delvale-019.jpg,499F3B0E-3EC8-442E-939F-106746279E59.jpeg,1-6
delvale-020.jpg,4F04CE63-AED5-45E1-97A3-938D424C38C3.jpeg,1-6
delvale-021.jpg,4FDD9C42-FBC0-4ED2-99B7-C3205FB107D9.jpeg,1-6
delvale-022.jpg,51539C0E-E607-4356-A0E7-A1B577FE2219.jpeg,1-6
delvale-023.jpg,55887EB3-5646-49FF-97AE-D6131A533A09.jpeg,1-6
delvale-024.jpg,5B5964EA-6AB4-4836-A784-62FFA5505C5C.jpeg,1-6
delvale-025.jpg,5F9BFFC1-7BBE-401B-B7D6-EB8BB9A88085.jpeg,1-6
delvale-026.jpg,626B05C6-92F3-464B-B94D-DCDEE7E2FD99.jpeg,1-6
delvale-027.jpg,666907C5-E241-421B-AF5E-4C13DB65947E.jpeg,1-6
delvale-028.jpg,6D920A75-BD4A-47BA-A748-85C6580124EB.jpeg,1-6
delvale-029.jpg,6F20ECAA-0677-41F1-BE0B-E25B57963522.jpeg,1-6
delvale-030.jpg,706A85E5-41FA-47CE-946E-5A39587B5F37.jpeg,1-6
delvale-031.jpg,724269E2-402B-43A9-9BC7-A76B1CAADD4B.jpeg,1-6
delvale-032.jpg,72608916-776F-4437-AC27-A9F2321C443D.jpeg,1-6
delvale-033.jpg,7A44D913-6D2E-410C-A8E8-D30667CFA23A.jpeg,1-6
delvale-034.jpg,80BF4A45-81B7-4160-A13F-5B4B021CE02D.jpeg,1-6
delvale-035.jpg,8214B94B-F6CD-41EF-B605-BD98B140B0AC.jpeg,1-6
delvale-036.jpg,94A50852-9871-4673-B7DE-42B872AC5F14.jpeg,1-6
delvale-037.jpg,98A9858E-DC3B-4E6B-AD82-56D5EE722F1E.jpeg,1-6
delvale-038.jpg,9F4D8B39-C3FB-42ED-8A48-124583BFAA4A.jpeg,1-6
delvale-039.jpg,A1F78006-2B12-4E8A-8E4E-999E60B749F4.jpeg,1-6
delvale-040.jpg,A794D33A-C950-4DA6-ABAF-8CEE076ED122.jpeg,1-6
delvale-041.jpg,A8615648-8BCC-4048-A8AA-BCE7471C2A6A.jpeg,1-6
delvale-042.jpg,AEF51A11-40C4-4541-A0C0-9CB34FDEB846.jpeg,1-6
delvale-043.jpg,B3575BDF-CC51-450D-9B0F-CF74350803E6.jpeg,1-6
delvale-044.jpg,BEE0C713-1F4A-461E-88B0-F13AA30E657A.jpeg,1-6
delvale-045.jpg,C5C7F3A4-A37D-4E44-8856-33294BC51D6D.jpeg,1-6
delvale-046.jpg,CBC3654E-2458-4C38-8202-BAB5F7DA7040.jpeg,1-6
delvale-047.jpg,D54318F7-7376-490A-8FB7-073A677C97CF.jpeg,1-6
delvale-048.jpg,DD413685-0332-4B33-A08C-28CEC3F12502.jpeg,1-6
delvale-049.jpg,DD4942A7-AB0C-4F93-BDD5-DF46F85C24BD.jpeg,1-6
delvale-050.jpg,DF22F4C1-D258-47A0-9375-B5F5C976FD61.jpeg,1-6
delvale-051.jpg,EE4EA668-94EA-40F9-B8C7-BF16B010C520.jpeg,1-6
delvale-052.jpg,FAC16A5C-9A9A-4CE3-A8F6-577ED6216E59.jpeg,1-6
delvale-053.jpg,5384AD72-3323-445D-B759-47BE1C6C7275.jpeg,7
delvale-054.jpg,E00C9B4E-E1B4-4A6B-8017-F2E7D302BF7F.jpeg,7
delvale-055.jpg,708C5CCF-240F-4D60-9D4D-450C16D85C6A.jpeg,7
delvale-056.jpg,B1C525D6-A948-49B6-9016-01635153B7FA.jpeg,7
delvale-057.jpg,33AD39F8-D9AF-4E48-B5FB-7F8139E9EFF1.jpeg,7
delvale-058.jpg,BFF8D3E6-1726-4E03-AD68-4C4EF8C7B2CB.jpeg,7
delvale-059.jpg,A7357551-42BD-450E-B3FB-D963F4E79440.jpeg,7
delvale-060.jpg,8DEE088E-AF3C-41BC-93E5-F28BDA4C6AEC.jpeg,7
delvale-061.jpg,FF9454EB-6E3C-45A4-81E4-EA55A0371137.jpeg,7
delvale-062.jpg,5D60F699-066A-4F00-AACD-D9C7ED0F14D0.jpeg,7
